date,month,ticker,chinese_name,current_price,next_price,price_change_pct,recommendation,is_correct
2024-01-01,2024-01,2308.TW,台達電,310.0,285.0,-8.064516129032258,分批買進,False
2024-02-01,2024-02,2308.TW,台達電,285.0,293.5,2.982456140350877,分批買進,True
2024-03-01,2024-03,2308.TW,台達電,293.5,334.5,13.969335604770016,分批買進,True
2024-04-01,2024-04,2308.TW,台達電,334.5,309.5,-7.473841554559043,分批買進,False
2024-05-01,2024-05,2308.TW,台達電,309.5,337.0,8.88529886914378,分批買進,True
2024-06-01,2024-06,2308.TW,台達電,337.0,390.5,15.875370919881307,分批買進,True
2024-07-01,2024-07,2308.TW,台達電,390.5,424.0,8.578745198463508,分批買進,True
2024-08-01,2024-08,2308.TW,台達電,424.0,394.5,-6.9575471698113205,分批買進,False
2024-09-01,2024-09,2308.TW,台達電,394.5,384.5,-2.5348542458808616,分批買進,False
2024-10-01,2024-10,2308.TW,台達電,384.5,390.5,1.5604681404421328,分批買進,True
2024-11-01,2024-11,2308.TW,台達電,390.5,388.5,-0.5121638924455826,分批買進,False
2024-12-01,2024-12,2308.TW,台達電,388.5,417.0,7.335907335907336,分批買進,True
2025-01-01,2025-01,2308.TW,台達電,417.0,399.0,-4.316546762589928,分批買進,False
2025-02-01,2025-02,2308.TW,台達電,399.0,390.0,-2.2556390977443606,分批買進,False
2025-03-01,2025-03,2308.TW,台達電,390.0,371.0,-4.871794871794872,分批買進,False
2025-04-01,2025-04,2308.TW,台達電,371.0,354.0,-4.5822102425876015,分批買進,False
2025-05-01,2025-05,2308.TW,台達電,354.0,367.5,3.8135593220338984,分批買進,True
2025-06-01,2025-06,2308.TW,台達電,367.5,428.0,16.462585034013603,分批買進,True
2025-07-01,2025-07,2308.TW,台達電,428.0,593.0,38.55140186915888,分批買進,True
2025-08-01,2025-08,2308.TW,台達電,593.0,688.0,16.020236087689714,買進,True
2025-09-01,2025-09,2308.TW,台達電,688.0,871.0,26.598837209302324,買進,True
2025-10-01,2025-10,2308.TW,台達電,871.0,983.0,12.85878300803674,持有/減碼,False
2025-11-01,2025-11,2308.TW,台達電,983.0,973.0,-1.017293997965412,持有/減碼,True
2025-12-01,2025-12,2308.TW,台達電,973.0,995.0,2.2610483042137717,持有/減碼,True
2026-01-01,2026-01,2308.TW,台達電,995.0,1175.0,18.090452261306535,持有/減碼,False
2024-01-01,2024-01,2317.TW,鴻海,105.0,103.0,-1.9047619047619049,分批買進,False
2024-02-01,2024-02,2317.TW,鴻海,103.0,102.0,-0.9708737864077669,分批買進,False
2024-03-01,2024-03,2317.TW,鴻海,102.0,150.5,47.549019607843135,分批買進,True
2024-04-01,2024-04,2317.TW,鴻海,150.5,154.0,2.3255813953488373,分批買進,True
2024-05-01,2024-05,2317.TW,鴻海,154.0,176.5,14.61038961038961,分批買進,True
2024-06-01,2024-06,2317.TW,鴻海,176.5,216.0,22.379603399433428,分批買進,True
2024-07-01,2024-07,2317.TW,鴻海,216.0,202.5,-6.25,分批買進,False
2024-08-01,2024-08,2317.TW,鴻海,202.5,183.0,-9.62962962962963,分批買進,False
2024-09-01,2024-09,2317.TW,鴻海,183.0,187.0,2.185792349726776,分批買進,True
2024-10-01,2024-10,2317.TW,鴻海,187.0,208.0,11.229946524064172,分批買進,True
2024-11-01,2024-11,2317.TW,鴻海,208.0,196.0,-5.769230769230769,分批買進,False
2024-12-01,2024-12,2317.TW,鴻海,196.0,182.5,-6.887755102040815,分批買進,False
2025-01-01,2025-01,2317.TW,鴻海,182.5,165.5,-9.315068493150685,分批買進,False
2025-02-01,2025-02,2317.TW,鴻海,165.5,170.0,2.719033232628399,分批買進,True
2025-03-01,2025-03,2317.TW,鴻海,170.0,152.0,-10.588235294117647,分批買進,False
2025-04-01,2025-04,2317.TW,鴻海,152.0,147.5,-2.9605263157894735,分批買進,False
2025-05-01,2025-05,2317.TW,鴻海,147.5,152.5,3.389830508474576,分批買進,True
2025-06-01,2025-06,2317.TW,鴻海,152.5,165.5,8.524590163934425,分批買進,True
2025-07-01,2025-07,2317.TW,鴻海,165.5,180.0,8.761329305135952,分批買進,True
2025-08-01,2025-08,2317.TW,鴻海,180.0,198.5,10.277777777777777,分批買進,True
2025-09-01,2025-09,2317.TW,鴻海,198.5,219.0,10.327455919395465,分批買進,True
2025-10-01,2025-10,2317.TW,鴻海,219.0,251.5,14.840182648401825,分批買進,True
2025-11-01,2025-11,2317.TW,鴻海,251.5,222.0,-11.72962226640159,分批買進,False
2025-12-01,2025-12,2317.TW,鴻海,222.0,232.0,4.504504504504505,分批買進,True
2026-01-01,2026-01,2317.TW,鴻海,232.0,214.5,-7.543103448275862,分批買進,False
2024-01-01,2024-01,2327.TW,國巨,122.82015228271484,115.4969711303711,-5.962524077878367,分批買進,False
2024-02-01,2024-02,2327.TW,國巨,115.4969711303711,117.79854583740234,1.992757632088265,分批買進,True
2024-03-01,2024-03,2327.TW,國巨,117.79854583740234,130.14332580566406,10.479569064716005,分批買進,True
2024-04-01,2024-04,2327.TW,國巨,130.14332580566406,130.77102661132812,0.4823150182909679,分批買進,True
2024-05-01,2024-05,2327.TW,國巨,130.77102661132812,141.65118408203125,8.320006160875872,分批買進,True
2024-06-01,2024-06,2327.TW,國巨,141.65118408203125,151.48516845703125,6.942394755630893,分批買進,True
2024-07-01,2024-07,2327.TW,國巨,151.48516845703125,164.4576416015625,8.563526896173265,分批買進,True
2024-08-01,2024-08,2327.TW,國巨,164.4576416015625,163.75,-0.4302880636443328,分批買進,False
2024-09-01,2024-09,2327.TW,國巨,163.75,155.0,-5.343511450381679,分批買進,False
2024-10-01,2024-10,2327.TW,國巨,155.0,136.25,-12.096774193548388,分批買進,False
2024-11-01,2024-11,2327.TW,國巨,136.25,130.0,-4.587155963302752,分批買進,False
2024-12-01,2024-12,2327.TW,國巨,130.0,134.5,3.4615384615384617,分批買進,True
2025-01-01,2025-01,2327.TW,國巨,134.5,129.75,-3.5315985130111525,分批買進,False
2025-02-01,2025-02,2327.TW,國巨,129.75,135.0,4.046242774566474,分批買進,True
2025-03-01,2025-03,2327.TW,國巨,135.0,122.125,-9.537037037037036,分批買進,False
2025-04-01,2025-04,2327.TW,國巨,122.125,116.0,-5.015353121801433,分批買進,False
2025-05-01,2025-05,2327.TW,國巨,116.0,119.75,3.2327586206896552,分批買進,True
2025-06-01,2025-06,2327.TW,國巨,119.75,122.375,2.1920668058455117,分批買進,True
2025-07-01,2025-07,2327.TW,國巨,122.375,133.75,9.295199182839632,分批買進,True
2025-08-01,2025-08,2327.TW,國巨,133.75,135.0,0.9345794392523363,分批買進,True
2025-09-01,2025-09,2327.TW,國巨,135.0,170.0,25.925925925925924,分批買進,True
2025-10-01,2025-10,2327.TW,國巨,170.0,254.0,49.411764705882355,分批買進,True
2025-11-01,2025-11,2327.TW,國巨,254.0,229.0,-9.84251968503937,買進,False
2025-12-01,2025-12,2327.TW,國巨,229.0,241.0,5.240174672489083,買進,True
2026-01-01,2026-01,2327.TW,國巨,241.0,258.0,7.053941908713693,買進,True
2024-01-01,2024-01,2330.TW,台積電,593.0,628.0,5.902192242833052,分批買進,True
2024-02-01,2024-02,2330.TW,台積電,628.0,689.0,9.713375796178344,分批買進,True
2024-03-01,2024-03,2330.TW,台積電,689.0,770.0,11.756168359941945,分批買進,True
2024-04-01,2024-04,2330.TW,台積電,770.0,772.0,0.2597402597402597,分批買進,True
2024-05-01,2024-05,2330.TW,台積電,772.0,846.0,9.585492227979273,分批買進,True
2024-06-01,2024-06,2330.TW,台積電,846.0,968.0,14.420803782505912,分批買進,True
2024-07-01,2024-07,2330.TW,台積電,968.0,960.0,-0.8264462809917356,分批買進,False
2024-08-01,2024-08,2330.TW,台積電,960.0,948.0,-1.25,分批買進,False
2024-09-01,2024-09,2330.TW,台積電,948.0,972.0,2.5316455696202533,分批買進,True
2024-10-01,2024-10,2330.TW,台積電,972.0,1025.0,5.4526748971193415,分批買進,True
2024-11-01,2024-11,2330.TW,台積電,1025.0,1035.0,0.975609756097561,分批買進,True
2024-12-01,2024-12,2330.TW,台積電,1035.0,1065.0,2.898550724637681,分批買進,True
2025-01-01,2025-01,2330.TW,台積電,1065.0,1070.0,0.4694835680751174,分批買進,True
2025-02-01,2025-02,2330.TW,台積電,1070.0,1020.0,-4.672897196261682,分批買進,False
2025-03-01,2025-03,2330.TW,台積電,1020.0,944.0,-7.450980392156863,分批買進,False
2025-04-01,2025-04,2330.TW,台積電,944.0,950.0,0.6355932203389831,分批買進,True
2025-05-01,2025-05,2330.TW,台積電,950.0,946.0,-0.42105263157894735,分批買進,False
2025-06-01,2025-06,2330.TW,台積電,946.0,1085.0,14.693446088794925,分批買進,True
2025-07-01,2025-07,2330.TW,台積電,1085.0,1135.0,4.6082949308755765,分批買進,True
2025-08-01,2025-08,2330.TW,台積電,1135.0,1165.0,2.643171806167401,分批買進,True
2025-09-01,2025-09,2330.TW,台積電,1165.0,1325.0,13.733905579399142,分批買進,True
2025-10-01,2025-10,2330.TW,台積電,1325.0,1510.0,13.962264150943396,分批買進,True
2025-11-01,2025-11,2330.TW,台積電,1510.0,1410.0,-6.622516556291391,分批買進,False
2025-12-01,2025-12,2330.TW,台積電,1410.0,1585.0,12.411347517730496,分批買進,True
2026-01-01,2026-01,2330.TW,台積電,1585.0,1765.0,11.35646687697161,分批買進,True
2024-01-01,2024-01,2412.TW,中華電,120.5,120.0,-0.4149377593360996,持有/減碼,True
2024-02-01,2024-02,2412.TW,中華電,120.0,121.0,0.8333333333333334,持有/減碼,True
2024-03-01,2024-03,2412.TW,中華電,121.0,126.5,4.545454545454546,持有/減碼,True
2024-04-01,2024-04,2412.TW,中華電,126.5,124.0,-1.9762845849802373,賣出/減碼,True
2024-05-01,2024-05,2412.TW,中華電,124.0,127.0,2.4193548387096775,賣出/減碼,False
2024-06-01,2024-06,2412.TW,中華電,127.0,126.5,-0.39370078740157477,賣出/減碼,True
2024-07-01,2024-07,2412.TW,中華電,126.5,121.5,-3.9525691699604746,賣出/減碼,True
2024-08-01,2024-08,2412.TW,中華電,121.5,124.0,2.05761316872428,持有/減碼,True
2024-09-01,2024-09,2412.TW,中華電,124.0,126.0,1.6129032258064515,賣出/減碼,False
2024-10-01,2024-10,2412.TW,中華電,126.0,122.0,-3.1746031746031744,賣出/減碼,True
2024-11-01,2024-11,2412.TW,中華電,122.0,123.0,0.819672131147541,持有/減碼,True
2024-12-01,2024-12,2412.TW,中華電,123.0,123.0,0.0,持有/減碼,True
2025-01-01,2025-01,2412.TW,中華電,123.0,125.5,2.0325203252032518,持有/減碼,True
2025-02-01,2025-02,2412.TW,中華電,125.5,128.5,2.3904382470119523,賣出/減碼,False
2025-03-01,2025-03,2412.TW,中華電,128.5,130.0,1.1673151750972763,賣出/減碼,False
2025-04-01,2025-04,2412.TW,中華電,130.0,128.5,-1.153846153846154,賣出/減碼,True
2025-05-01,2025-05,2412.TW,中華電,128.5,131.5,2.3346303501945527,賣出/減碼,False
2025-06-01,2025-06,2412.TW,中華電,131.5,135.0,2.6615969581749046,賣出/減碼,False
2025-07-01,2025-07,2412.TW,中華電,135.0,131.0,-2.9629629629629632,賣出/減碼,True
2025-08-01,2025-08,2412.TW,中華電,131.0,134.0,2.2900763358778624,賣出/減碼,False
2025-09-01,2025-09,2412.TW,中華電,134.0,134.5,0.3731343283582089,賣出/減碼,False
2025-10-01,2025-10,2412.TW,中華電,134.5,131.5,-2.2304832713754648,賣出/減碼,True
2025-11-01,2025-11,2412.TW,中華電,131.5,130.0,-1.1406844106463878,賣出/減碼,True
2025-12-01,2025-12,2412.TW,中華電,130.0,132.0,1.5384615384615385,賣出/減碼,False
2026-01-01,2026-01,2412.TW,中華電,132.0,133.0,0.7575757575757576,賣出/減碼,False
2024-01-01,2024-01,2454.TW,聯發科,981.0,930.0,-5.198776758409786,買進,False
2024-02-01,2024-02,2454.TW,聯發科,930.0,1105.0,18.817204301075268,買進,True
2024-03-01,2024-03,2454.TW,聯發科,1105.0,1160.0,4.97737556561086,買進,True
2024-04-01,2024-04,2454.TW,聯發科,1160.0,1000.0,-13.793103448275861,持有/減碼,False
2024-05-01,2024-05,2454.TW,聯發科,1000.0,1270.0,27.0,買進,True
2024-06-01,2024-06,2454.TW,聯發科,1270.0,1415.0,11.41732283464567,持有/減碼,False
2024-07-01,2024-07,2454.TW,聯發科,1415.0,1180.0,-16.607773851590103,持有/減碼,False
2024-08-01,2024-08,2454.TW,聯發科,1180.0,1225.0,3.8135593220338984,持有/減碼,True
2024-09-01,2024-09,2454.TW,聯發科,1225.0,1210.0,-1.2244897959183674,持有/減碼,True
2024-10-01,2024-10,2454.TW,聯發科,1210.0,1290.0,6.6115702479338845,持有/減碼,False
2024-11-01,2024-11,2454.TW,聯發科,1290.0,1310.0,1.550387596899225,持有/減碼,True
2024-12-01,2024-12,2454.TW,聯發科,1310.0,1350.0,3.0534351145038165,持有/減碼,True
2025-01-01,2025-01,2454.TW,聯發科,1350.0,1500.0,11.11111111111111,持有/減碼,False
2025-02-01,2025-02,2454.TW,聯發科,1500.0,1470.0,-2.0,持有/減碼,True
2025-03-01,2025-03,2454.TW,聯發科,1470.0,1460.0,-0.6802721088435374,持有/減碼,True
2025-04-01,2025-04,2454.TW,聯發科,1460.0,1300.0,-10.95890410958904,持有/減碼,False
2025-05-01,2025-05,2454.TW,聯發科,1300.0,1260.0,-3.076923076923077,持有/減碼,True
2025-06-01,2025-06,2454.TW,聯發科,1260.0,1275.0,1.1904761904761905,持有/減碼,True
2025-07-01,2025-07,2454.TW,聯發科,1275.0,1330.0,4.313725490196078,持有/減碼,True
2025-08-01,2025-08,2454.TW,聯發科,1330.0,1360.0,2.2556390977443606,持有/減碼,True
2025-09-01,2025-09,2454.TW,聯發科,1360.0,1285.0,-5.514705882352941,持有/減碼,False
2025-10-01,2025-10,2454.TW,聯發科,1285.0,1300.0,1.1673151750972763,持有/減碼,True
2025-11-01,2025-11,2454.TW,聯發科,1300.0,1445.0,11.153846153846155,持有/減碼,False
2025-12-01,2025-12,2454.TW,聯發科,1445.0,1470.0,1.7301038062283738,持有/減碼,True
2026-01-01,2026-01,2454.TW,聯發科,1470.0,1705.0,15.98639455782313,持有/減碼,False
2024-01-01,2024-01,2881.TW,富邦金,60.02322769165039,60.20906066894531,0.3096017732494789,分批買進,True
2024-02-01,2024-02,2881.TW,富邦金,60.20906066894531,62.624855041503906,4.012343567094735,分批買進,True
2024-03-01,2024-03,2881.TW,富邦金,62.624855041503906,64.5760726928711,3.115724020557078,分批買進,True
2024-04-01,2024-04,2881.TW,富邦金,64.5760726928711,64.11149597167969,-0.7194254803957649,分批買進,False
2024-05-01,2024-05,2881.TW,富邦金,64.11149597167969,68.57142639160156,6.956522153050342,分批買進,True
2024-06-01,2024-06,2881.TW,富邦金,68.57142639160156,74.7038345336914,8.943095491507705,分批買進,True
2024-07-01,2024-07,2881.TW,富邦金,74.7038345336914,81.95121765136719,9.701487430885779,買進,True
2024-08-01,2024-08,2881.TW,富邦金,81.95121765136719,87.34030151367188,6.575965576534398,持有/減碼,False
2024-09-01,2024-09,2881.TW,富邦金,87.34030151367188,88.48780059814453,1.3138254214671237,持有/減碼,True
2024-10-01,2024-10,2881.TW,富邦金,88.48780059814453,88.19512176513672,-0.3307561392976351,持有/減碼,True
2024-11-01,2024-11,2881.TW,富邦金,88.19512176513672,87.41463470458984,-0.8849549101199828,持有/減碼,True
2024-12-01,2024-12,2881.TW,富邦金,87.41463470458984,88.48780059814453,1.2276730288713764,持有/減碼,True
2025-01-01,2025-01,2881.TW,富邦金,88.48780059814453,89.17073059082031,0.7717786949832962,持有/減碼,True
2025-02-01,2025-02,2881.TW,富邦金,89.17073059082031,90.53658294677734,1.531727223616175,持有/減碼,True
2025-03-01,2025-03,2881.TW,富邦金,90.53658294677734,85.26829528808594,-5.818960123322095,持有/減碼,False
2025-04-01,2025-04,2881.TW,富邦金,85.26829528808594,82.92682647705078,-2.7460016681749195,持有/減碼,True
2025-05-01,2025-05,2881.TW,富邦金,82.92682647705078,79.80487823486328,-3.7647024187661033,持有/減碼,True
2025-06-01,2025-06,2881.TW,富邦金,79.80487823486328,81.17073059082031,1.7114898063466375,持有/減碼,True
2025-07-01,2025-07,2881.TW,富邦金,81.17073059082031,81.95121765136719,0.9615375577697969,持有/減碼,True
2025-08-01,2025-08,2881.TW,富邦金,81.95121765136719,82.43902587890625,0.5952421959296226,持有/減碼,True
2025-09-01,2025-09,2881.TW,富邦金,82.43902587890625,87.4000015258789,6.0177514157673055,持有/減碼,False
2025-10-01,2025-10,2881.TW,富邦金,87.4000015258789,92.0,5.263156056992798,持有/減碼,False
2025-11-01,2025-11,2881.TW,富邦金,92.0,91.80000305175781,-0.217387987219769,持有/減碼,True
2025-12-01,2025-12,2881.TW,富邦金,91.80000305175781,95.5999984741211,4.1394284270565915,持有/減碼,True
2026-01-01,2026-01,2881.TW,富邦金,95.5999984741211,90.5,-5.334726522513138,持有/減碼,False
2024-01-01,2024-01,AAPL,蘋果,185.63999938964844,186.86000061035156,0.6571866110290205,買進,True
2024-02-01,2024-02,AAPL,蘋果,186.86000061035156,179.66000366210938,-3.853150446711133,買進,False
2024-03-01,2024-03,AAPL,蘋果,179.66000366210938,170.02999877929688,-5.36012728849982,買進,False
2024-04-01,2024-04,AAPL,蘋果,170.02999877929688,169.3000030517578,-0.42933348984293934,買進,False
2024-05-01,2024-05,AAPL,蘋果,169.3000030517578,194.02999877929688,14.607203356032247,分批買進,True
2024-06-01,2024-06,AAPL,蘋果,194.02999877929688,216.75,11.709530157007537,買進,True
2024-07-01,2024-07,AAPL,蘋果,216.75,218.36000061035156,0.7427915157331315,買進,True
2024-08-01,2024-08,AAPL,蘋果,218.36000061035156,222.77000427246094,2.0196023309134916,買進,True
2024-09-01,2024-09,AAPL,蘋果,222.77000427246094,226.2100067138672,1.5441946291830757,買進,True
2024-10-01,2024-10,AAPL,蘋果,226.2100067138672,222.91000366210938,-1.4588227548801513,買進,False
2024-11-01,2024-11,AAPL,蘋果,222.91000366210938,239.58999633789062,7.482837199655272,買進,True
2024-12-01,2024-12,AAPL,蘋果,239.58999633789062,243.85000610351562,1.7780415838469166,買進,True
2025-01-01,2025-01,AAPL,蘋果,243.85000610351562,228.00999450683594,-6.495801189340762,買進,False
2025-02-01,2025-02,AAPL,蘋果,228.00999450683594,238.02999877929688,4.394546078619606,買進,True
2025-03-01,2025-03,AAPL,蘋果,238.02999877929688,223.19000244140625,-6.234506748727238,買進,False
2025-04-01,2025-04,AAPL,蘋果,223.19000244140625,213.32000732421875,-4.422238903724487,買進,False
2025-05-01,2025-05,AAPL,蘋果,213.32000732421875,201.6999969482422,-5.447220127981551,買進,False
2025-06-01,2025-06,AAPL,蘋果,201.6999969482422,207.82000732421875,3.0342144117865333,買進,True
2025-07-01,2025-07,AAPL,蘋果,207.82000732421875,202.3800048828125,-2.6176509718428287,買進,False
2025-08-01,2025-08,AAPL,蘋果,202.3800048828125,229.72000122070312,13.509237908024444,買進,True
2025-09-01,2025-09,AAPL,蘋果,229.72000122070312,255.4499969482422,11.200590105699595,買進,True
2025-10-01,2025-10,AAPL,蘋果,255.4499969482422,269.04998779296875,5.323934627989882,持有/減碼,False
2025-11-01,2025-11,AAPL,蘋果,269.04998779296875,283.1000061035156,5.222084723288753,持有/減碼,False
2025-12-01,2025-12,AAPL,蘋果,283.1000061035156,271.010009765625,-4.270574382633504,持有/減碼,True
2026-01-01,2026-01,AAPL,蘋果,271.010009765625,270.010009765625,-0.3689900608707481,持有/減碼,True
2024-01-01,2024-01,AMZN,亞馬遜,149.92999267578125,159.27999877929688,6.236247955894129,買進,True
2024-02-01,2024-02,AMZN,亞馬遜,159.27999877929688,178.22000122070312,11.891011166850951,買進,True
2024-03-01,2024-03,AMZN,亞馬遜,178.22000122070312,180.97000122070312,1.5430366856492552,買進,True
2024-04-01,2024-04,AMZN,亞馬遜,180.97000122070312,179.0,-1.0885788845746858,買進,False
2024-05-01,2024-05,AMZN,亞馬遜,179.0,178.33999633789062,-0.3687171296700419,買進,False
2024-06-01,2024-06,AMZN,亞馬遜,178.33999633789062,197.1999969482422,10.575306155450734,買進,True
2024-07-01,2024-07,AMZN,亞馬遜,197.1999969482422,184.07000732421875,-6.6582098515293495,持有/減碼,False
2024-08-01,2024-08,AMZN,亞馬遜,184.07000732421875,176.25,-4.248387577040012,買進,False
2024-09-01,2024-09,AMZN,亞馬遜,176.25,185.1300048828125,5.038300642730496,買進,True
2024-10-01,2024-10,AMZN,亞馬遜,185.1300048828125,197.92999267578125,6.914053613875912,買進,True
2024-11-01,2024-11,AMZN,亞馬遜,197.92999267578125,210.7100067138672,6.45683550295493,持有/減碼,False
2024-12-01,2024-12,AMZN,亞馬遜,210.7100067138672,220.22000122070312,4.513309384375844,持有/減碼,True
2025-01-01,2025-01,AMZN,亞馬遜,220.22000122070312,237.4199981689453,7.810370017664497,持有/減碼,False
2025-02-01,2025-02,AMZN,亞馬遜,237.4199981689453,205.02000427246094,-13.646699581485514,持有/減碼,False
2025-03-01,2025-03,AMZN,亞馬遜,205.02000427246094,192.1699981689453,-6.2676840482544485,持有/減碼,False
2025-04-01,2025-04,AMZN,亞馬遜,192.1699981689453,190.1999969482422,-1.0251346409293338,買進,False
2025-05-01,2025-05,AMZN,亞馬遜,190.1999969482422,206.64999389648438,8.64878928085294,買進,True
2025-06-01,2025-06,AMZN,亞馬遜,206.64999389648438,220.4600067138672,6.682803399597756,持有/減碼,False
2025-07-01,2025-07,AMZN,亞馬遜,220.4600067138672,214.75,-2.5900419758573934,持有/減碼,True
2025-08-01,2025-08,AMZN,亞馬遜,214.75,225.33999633789062,4.931313777830326,持有/減碼,True
2025-09-01,2025-09,AMZN,亞馬遜,225.33999633789062,220.6300048828125,-2.0901710888535,持有/減碼,True
2025-10-01,2025-10,AMZN,亞馬遜,220.6300048828125,254.0,15.12486714348393,持有/減碼,False
2025-11-01,2025-11,AMZN,亞馬遜,254.0,233.8800048828125,-7.921257920152559,持有/減碼,False
2025-12-01,2025-12,AMZN,亞馬遜,233.8800048828125,226.5,-3.155466362552161,持有/減碼,True
2026-01-01,2026-01,AMZN,亞馬遜,226.5,242.9600067138672,7.267111131950194,持有/減碼,False
2024-01-01,2024-01,GOOGL,Alphabet(谷歌),138.1699981689453,141.16000366210938,2.1640048728292505,分批買進,True
2024-02-01,2024-02,GOOGL,Alphabet(谷歌),141.16000366210938,137.13999938964844,-2.8478351998938067,分批買進,False
2024-03-01,2024-03,GOOGL,Alphabet(谷歌),137.13999938964844,155.49000549316406,13.38049160360483,分批買進,True
2024-04-01,2024-04,GOOGL,Alphabet(谷歌),155.49000549316406,163.86000061035156,5.38297949803306,分批買進,True
2024-05-01,2024-05,GOOGL,Alphabet(谷歌),163.86000061035156,173.1699981689453,5.681677971387489,分批買進,True
2024-06-01,2024-06,GOOGL,Alphabet(谷歌),173.1699981689453,182.99000549316406,5.670732475632594,分批買進,True
2024-07-01,2024-07,GOOGL,Alphabet(谷歌),182.99000549316406,170.75999450683594,-6.6834311269448,分批買進,False
2024-08-01,2024-08,GOOGL,Alphabet(谷歌),170.75999450683594,157.36000061035156,-7.8472677017730526,分批買進,False
2024-09-01,2024-09,GOOGL,Alphabet(谷歌),157.36000061035156,166.99000549316406,6.119728549479309,分批買進,True
2024-10-01,2024-10,GOOGL,Alphabet(谷歌),166.99000549316406,171.2899932861328,2.5749970965446645,分批買進,True
2024-11-01,2024-11,GOOGL,Alphabet(谷歌),171.2899932861328,171.49000549316406,0.11676817961989053,分批買進,True
2024-12-01,2024-12,GOOGL,Alphabet(谷歌),171.49000549316406,189.42999267578125,10.461243575697658,分批買進,True
2025-01-01,2025-01,GOOGL,Alphabet(谷歌),189.42999267578125,201.22999572753906,6.229215809533445,分批買進,True
2025-02-01,2025-02,GOOGL,Alphabet(谷歌),201.22999572753906,167.00999450683594,-17.005417655047932,分批買進,False
2025-03-01,2025-03,GOOGL,Alphabet(谷歌),167.00999450683594,157.07000732421875,-5.951731937941194,分批買進,False
2025-04-01,2025-04,GOOGL,Alphabet(谷歌),157.07000732421875,161.3000030517578,2.6930639398313927,分批買進,True
2025-05-01,2025-05,GOOGL,Alphabet(谷歌),161.3000030517578,169.02999877929688,4.792309721816104,分批買進,True
2025-06-01,2025-06,GOOGL,Alphabet(谷歌),169.02999877929688,175.83999633789062,4.028869199416839,分批買進,True
2025-07-01,2025-07,GOOGL,Alphabet(谷歌),175.83999633789062,189.1300048828125,7.558012296237802,分批買進,True
2025-08-01,2025-08,GOOGL,Alphabet(谷歌),189.1300048828125,211.35000610351562,11.748533097363866,分批買進,True
2025-09-01,2025-09,GOOGL,Alphabet(谷歌),211.35000610351562,244.89999389648438,15.874136183623547,分批買進,True
2025-10-01,2025-10,GOOGL,Alphabet(谷歌),244.89999389648438,283.7200012207031,15.85137129102069,分批買進,True
2025-11-01,2025-11,GOOGL,Alphabet(谷歌),283.7200012207031,314.8900146484375,10.986188246731155,買進,True
2025-12-01,2025-12,GOOGL,Alphabet(谷歌),314.8900146484375,315.1499938964844,0.08256192192601972,買進,True
2026-01-01,2026-01,GOOGL,Alphabet(谷歌),315.1499938964844,343.69000244140625,9.056007963717828,買進,True
2024-01-01,2024-01,META,Meta(臉書),346.2900085449219,394.7799987792969,14.00271132226003,分批買進,True
2024-02-01,2024-02,META,Meta(臉書),394.7799987792969,502.29998779296875,27.235419561815565,分批買進,True
2024-03-01,2024-03,META,Meta(臉書),502.29998779296875,491.3500061035156,-2.179968535847614,買進,False
2024-04-01,2024-04,META,Meta(臉書),491.3500061035156,439.19000244140625,-10.61565137156435,買進,False
2024-05-01,2024-05,META,Meta(臉書),439.19000244140625,477.489990234375,8.720596457128705,分批買進,True
2024-06-01,2024-06,META,Meta(臉書),477.489990234375,504.67999267578125,5.694360719071848,買進,True
2024-07-01,2024-07,META,Meta(臉書),504.67999267578125,497.739990234375,-1.3751292981936531,買進,False
2024-08-01,2024-08,META,Meta(臉書),497.739990234375,511.760009765625,2.8167356062044115,買進,True
2024-09-01,2024-09,META,Meta(臉書),511.760009765625,576.469970703125,12.644591156533657,買進,True
2024-10-01,2024-10,META,Meta(臉書),576.469970703125,567.1599731445312,-1.615001306527428,買進,False
2024-11-01,2024-11,META,Meta(臉書),567.1599731445312,592.8300170898438,4.526067628325195,買進,True
2024-12-01,2024-12,META,Meta(臉書),592.8300170898438,599.239990234375,1.0812497612717566,買進,True
2025-01-01,2025-01,META,Meta(臉書),599.239990234375,697.4600219726562,16.390767194937272,買進,True
2025-02-01,2025-02,META,Meta(臉書),697.4600219726562,655.0499877929688,-6.080640157659126,持有/減碼,False
2025-03-01,2025-03,META,Meta(臉書),655.0499877929688,586.0,-10.54117839550167,買進,False
2025-04-01,2025-04,META,Meta(臉書),586.0,572.2100219726562,-2.35323857121907,買進,False
2025-05-01,2025-05,META,Meta(臉書),572.2100219726562,670.9000244140625,17.24716426692056,買進,True
2025-06-01,2025-06,META,Meta(臉書),670.9000244140625,719.219970703125,7.202257345461155,買進,True
2025-07-01,2025-07,META,Meta(臉書),719.219970703125,750.010009765625,4.2810322733946045,持有/減碼,True
2025-08-01,2025-08,META,Meta(臉書),750.010009765625,735.1099853515625,-1.9866434074284816,持有/減碼,True
2025-09-01,2025-09,META,Meta(臉書),735.1099853515625,717.3400268554688,-2.417319700479291,持有/減碼,True
2025-10-01,2025-10,META,Meta(臉書),717.3400268554688,637.7100219726562,-11.100733529659363,持有/減碼,False
2025-11-01,2025-11,META,Meta(臉書),637.7100219726562,640.8699951171875,0.4955188150809309,買進,True
2025-12-01,2025-12,META,Meta(臉書),640.8699951171875,650.4099731445312,1.4885980152026463,買進,True
2026-01-01,2026-01,META,Meta(臉書),650.4099731445312,706.4099731445312,8.609954077004279,買進,True
2024-01-01,2024-01,MSFT,微軟,370.8699951171875,403.7799987792969,8.873730443389057,分批買進,True
2024-02-01,2024-02,MSFT,微軟,403.7799987792969,415.5,2.902571017914434,分批買進,True
2024-03-01,2024-03,MSFT,微軟,415.5,424.57000732421875,2.182913916779482,分批買進,True
2024-04-01,2024-04,MSFT,微軟,424.57000732421875,394.94000244140625,-6.9788266650182464,分批買進,False
2024-05-01,2024-05,MSFT,微軟,394.94000244140625,413.5199890136719,4.704508648759168,分批買進,True
2024-06-01,2024-06,MSFT,微軟,413.5199890136719,456.7300109863281,10.449318804568751,分批買進,True
2024-07-01,2024-07,MSFT,微軟,456.7300109863281,417.1099853515625,-8.674714750888489,買進,False
2024-08-01,2024-08,MSFT,微軟,417.1099853515625,409.44000244140625,-1.8388394379222497,分批買進,False
2024-09-01,2024-09,MSFT,微軟,409.44000244140625,420.69000244140625,2.7476553177311867,分批買進,True
2024-10-01,2024-10,MSFT,微軟,420.69000244140625,410.3699951171875,-2.4531144701153487,分批買進,False
2024-11-01,2024-11,MSFT,微軟,410.3699951171875,430.9800109863281,5.022300878322041,分批買進,True
2024-12-01,2024-12,MSFT,微軟,430.9800109863281,418.5799865722656,-2.877169264923487,分批買進,False
2025-01-01,2025-01,MSFT,微軟,418.5799865722656,410.9200134277344,-1.8299902982124052,分批買進,False
2025-02-01,2025-02,MSFT,微軟,410.9200134277344,388.489990234375,-5.458488868978874,分批買進,False
2025-03-01,2025-03,MSFT,微軟,388.489990234375,382.19000244140625,-1.6216602618687763,分批買進,False
2025-04-01,2025-04,MSFT,微軟,382.19000244140625,425.3999938964844,11.305892665704324,分批買進,True
2025-05-01,2025-05,MSFT,微軟,425.3999938964844,461.9700012207031,8.5966167957016,分批買進,True
2025-06-01,2025-06,MSFT,微軟,461.9700012207031,492.04998779296875,6.511242395130134,買進,True
2025-07-01,2025-07,MSFT,微軟,492.04998779296875,524.1099853515625,6.515597673804449,買進,True
2025-08-01,2025-08,MSFT,微軟,524.1099853515625,505.1199951171875,-3.62328342621385,買進,False
2025-09-01,2025-09,MSFT,微軟,505.1199951171875,519.7100219726562,2.888427897629329,買進,True
2025-10-01,2025-10,MSFT,微軟,519.7100219726562,517.030029296875,-0.515670770713414,買進,False
2025-11-01,2025-11,MSFT,微軟,517.030029296875,486.739990234375,-5.858468047531466,買進,False
2025-12-01,2025-12,MSFT,微軟,486.739990234375,472.94000244140625,-2.8351867670301307,買進,False
2026-01-01,2026-01,MSFT,微軟,472.94000244140625,423.3699951171875,-10.48124647277222,買進,False
2024-01-01,2024-01,NVDA,輝達,48.167999267578125,63.027000427246094,30.848283893056696,分批買進,True
2024-02-01,2024-02,NVDA,輝達,63.027000427246094,82.27899932861328,30.545637220337547,分批買進,True
2024-03-01,2024-03,NVDA,輝達,82.27899932861328,90.36299896240234,9.825106892103118,分批買進,True
2024-04-01,2024-04,NVDA,輝達,90.36299896240234,83.04100036621094,-8.102872503421334,分批買進,False
2024-05-01,2024-05,NVDA,輝達,83.04100036621094,115.0,38.485807604496365,分批買進,True
2024-06-01,2024-06,NVDA,輝達,115.0,124.30000305175781,8.086959175441576,分批買進,True
2024-07-01,2024-07,NVDA,輝達,124.30000305175781,109.20999908447266,-12.13998680354156,買進,False
2024-08-01,2024-08,NVDA,輝達,109.20999908447266,108.0,-1.1079563177513958,分批買進,False
2024-09-01,2024-09,NVDA,輝達,108.0,117.0,8.333333333333332,分批買進,True
2024-10-01,2024-10,NVDA,輝達,117.0,135.39999389648438,15.726490509815704,分批買進,True
2024-11-01,2024-11,NVDA,輝達,135.39999389648438,138.6300048828125,2.3855325937440766,買進,True
2024-12-01,2024-12,NVDA,輝達,138.6300048828125,138.30999755859375,-0.23083554277391855,買進,False
2025-01-01,2025-01,NVDA,輝達,138.30999755859375,116.66000366210938,-15.653238579020693,買進,False
2025-02-01,2025-02,NVDA,輝達,116.66000366210938,114.05999755859375,-2.228703944709454,分批買進,False
2025-03-01,2025-03,NVDA,輝達,114.05999755859375,110.1500015258789,-3.428016935303054,分批買進,False
2025-04-01,2025-04,NVDA,輝達,110.1500015258789,111.61000061035156,1.325464425100022,分批買進,True
2025-05-01,2025-05,NVDA,輝達,111.61000061035156,137.3800048828125,23.08933261494027,分批買進,True
2025-06-01,2025-06,NVDA,輝達,137.3800048828125,153.3000030517578,11.588293494766829,買進,True
2025-07-01,2025-07,NVDA,輝達,153.3000030517578,173.72000122070312,13.320285559323194,買進,True
2025-08-01,2025-08,NVDA,輝達,173.72000122070312,170.77999877929688,-1.6923799336560643,持有/減碼,True
2025-09-01,2025-09,NVDA,輝達,170.77999877929688,187.24000549316406,9.638134928867666,買進,True
2025-10-01,2025-10,NVDA,輝達,187.24000549316406,206.8800048828125,10.489211073199565,持有/減碼,False
2025-11-01,2025-11,NVDA,輝達,206.8800048828125,179.9199981689453,-13.031712141121963,持有/減碼,False
2025-12-01,2025-12,NVDA,輝達,179.9199981689453,188.85000610351562,4.963321490357627,持有/減碼,True
2026-01-01,2026-01,NVDA,輝達,188.85000610351562,185.61000061035156,-1.7156501924538443,持有/減碼,True
2024-01-01,2024-01,TSLA,特斯拉,248.4199981689453,188.86000061035156,-23.975524513967763,賣出/減碼,True
2024-02-01,2024-02,TSLA,特斯拉,188.86000061035156,202.63999938964844,7.2964093692487175,賣出/減碼,False
2024-03-01,2024-03,TSLA,特斯拉,202.63999938964844,175.22000122070312,-13.531384845802572,賣出/減碼,True
2024-04-01,2024-04,TSLA,特斯拉,175.22000122070312,179.99000549316406,2.72229439517738,賣出/減碼,False
2024-05-01,2024-05,TSLA,特斯拉,179.99000549316406,176.2899932861328,-2.0556764787541355,賣出/減碼,True
2024-06-01,2024-06,TSLA,特斯拉,176.2899932861328,209.86000061035156,19.04249169136443,賣出/減碼,False
2024-07-01,2024-07,TSLA,特斯拉,209.86000061035156,216.86000061035156,3.3355570283243,賣出/減碼,False
2024-08-01,2024-08,TSLA,特斯拉,216.86000061035156,210.60000610351562,-2.886652443612104,賣出/減碼,True
2024-09-01,2024-09,TSLA,特斯拉,210.60000610351562,258.0199890136719,22.51661041588386,賣出/減碼,False
2024-10-01,2024-10,TSLA,特斯拉,258.0199890136719,248.97999572753906,-3.503601918862885,賣出/減碼,True
2024-11-01,2024-11,TSLA,特斯拉,248.97999572753906,357.0899963378906,43.42115931621159,賣出/減碼,False
2024-12-01,2024-12,TSLA,特斯拉,357.0899963378906,379.2799987792969,6.2141204371374545,賣出/減碼,False
2025-01-01,2025-01,TSLA,特斯拉,379.2799987792969,383.67999267578125,1.1600912019209144,賣出/減碼,False
2025-02-01,2025-02,TSLA,特斯拉,383.67999267578125,284.6499938964844,-25.810571483976126,賣出/減碼,True
2025-03-01,2025-03,TSLA,特斯拉,284.6499938964844,268.4599914550781,-5.687687612350309,賣出/減碼,True
2025-04-01,2025-04,TSLA,特斯拉,268.4599914550781,280.5199890136719,4.492288587669038,賣出/減碼,False
2025-05-01,2025-05,TSLA,特斯拉,280.5199890136719,342.69000244140625,22.16241831690089,賣出/減碼,False
2025-06-01,2025-06,TSLA,特斯拉,342.69000244140625,300.7099914550781,-12.25014172787429,賣出/減碼,True
2025-07-01,2025-07,TSLA,特斯拉,300.7099914550781,302.6300048828125,0.6384933930674526,賣出/減碼,False
2025-08-01,2025-08,TSLA,特斯拉,302.6300048828125,329.3599853515625,8.832561225745165,賣出/減碼,False
2025-09-01,2025-09,TSLA,特斯拉,329.3599853515625,459.4599914550781,39.500853743555226,賣出/減碼,False
2025-10-01,2025-10,TSLA,特斯拉,459.4599914550781,468.3699951171875,1.9392338457788256,賣出/減碼,False
2025-11-01,2025-11,TSLA,特斯拉,468.3699951171875,430.1400146484375,-8.16234619367211,賣出/減碼,True
2025-12-01,2025-12,TSLA,特斯拉,430.1400146484375,438.07000732421875,1.843584043735759,賣出/減碼,False
2026-01-01,2026-01,TSLA,特斯拉,438.07000732421875,421.80999755859375,-3.711737734555941,賣出/減碼,True
